{
  "timestamp": "2025-07-25 09:05:33",
  "job_a": {
    "id": "d21ioobni11c73fdmbd0",
    "counts": {
      "0": 3895,
      "1": 201
    },
    "shots": 4096,
    "p_0": 0.95093,
    "sigma": 0.00338
  },
  "job_b": {
    "id": "d21iooslir9s73aiv6dg",
    "counts": {
      "0": 3872,
      "1": 224
    },
    "shots": 4096,
    "p_0": 0.94531,
    "sigma": 0.00355
  },
  "delta": 0.00562,
  "sigma_total": 0.0049,
  "z_value": 1.15
}