{
  "timestamp": "2025-07-25 09:34:32",
  "job_a": {
    "id": "d21j6ki29d8c73ddu89g",
    "counts": {
      "0": 9477,
      "1": 523
    },
    "shots": 10000,
    "p_0": 0.9477,
    "sigma": 0.00223
  },
  "job_b": {
    "id": "d21j6l43s4ss73cm5jqg",
    "counts": {
      "0": 9451,
      "1": 549
    },
    "shots": 10000,
    "p_0": 0.9451,
    "sigma": 0.00228
  },
  "delta": 0.0026,
  "sigma_total": 0.00319,
  "z_value": 0.82
}