{
  "timestamp": "2025-07-25 09:33:23",
  "job_a": {
    "id": "d21j67bni11c73fdmo10",
    "counts": {
      "0": 9491,
      "1": 509
    },
    "shots": 10000,
    "p_0": 0.9491,
    "sigma": 0.0022
  },
  "job_b": {
    "id": "d21j67slir9s73aivirg",
    "counts": {
      "0": 9477,
      "1": 523
    },
    "shots": 10000,
    "p_0": 0.9477,
    "sigma": 0.00223
  },
  "delta": 0.0014,
  "sigma_total": 0.00313,
  "z_value": 0.45
}