{
  "timestamp": "2025-07-25 09:43:55",
  "job_a": {
    "id": "d21jb8s3s4ss73cm5oc0",
    "counts": {
      "0": 9529,
      "1": 471
    },
    "shots": 10000,
    "p_0": 0.9529,
    "sigma": 0.00212
  },
  "job_b": {
    "id": "d21jb9c3s4ss73cm5ocg",
    "counts": {
      "0": 9485,
      "1": 515
    },
    "shots": 10000,
    "p_0": 0.9485,
    "sigma": 0.00221
  },
  "delta": 0.0044,
  "sigma_total": 0.00306,
  "z_value": 1.44
}