{
  "timestamp": "2025-07-25 09:18:19",
  "job_a": {
    "id": "d21iv73ni11c73fdmh8g",
    "counts": {
      "0": 9496,
      "1": 504
    },
    "shots": 10000,
    "p_0": 0.9496,
    "sigma": 0.00219
  },
  "job_b": {
    "id": "d21iv7c3s4ss73cm5cq0",
    "counts": {
      "0": 9467,
      "1": 533
    },
    "shots": 10000,
    "p_0": 0.9467,
    "sigma": 0.00225
  },
  "delta": 0.0029,
  "sigma_total": 0.00314,
  "z_value": 0.92
}