{
  "timestamp": "2025-07-25 09:14:17",
  "job_a": {
    "id": "d21it6s3s4ss73cm5asg",
    "counts": {
      "0": 9445,
      "1": 555
    },
    "shots": 10000,
    "p_0": 0.9445,
    "sigma": 0.00229
  },
  "job_b": {
    "id": "d21it7clir9s73aivai0",
    "counts": {
      "0": 9492,
      "1": 508
    },
    "shots": 10000,
    "p_0": 0.9492,
    "sigma": 0.0022
  },
  "delta": 0.0047,
  "sigma_total": 0.00317,
  "z_value": 1.48
}