{
  "timestamp": "2025-07-25 09:17:37",
  "job_a": {
    "id": "d21iutklir9s73aivc30",
    "counts": {
      "0": 9477,
      "1": 523
    },
    "shots": 10000,
    "p_0": 0.9477,
    "sigma": 0.00223
  },
  "job_b": {
    "id": "d21iuu3ni11c73fdmh0g",
    "counts": {
      "0": 9459,
      "1": 541
    },
    "shots": 10000,
    "p_0": 0.9459,
    "sigma": 0.00226
  },
  "delta": 0.0018,
  "sigma_total": 0.00317,
  "z_value": 0.57
}