{
  "timestamp": "2025-07-25 09:28:52",
  "job_a": {
    "id": "d21j46rni11c73fdmlvg",
    "counts": {
      "0": 9488,
      "1": 512
    },
    "shots": 10000,
    "p_0": 0.9488,
    "sigma": 0.0022
  },
  "job_b": {
    "id": "d21j47bni11c73fdmm0g",
    "counts": {
      "0": 9473,
      "1": 527
    },
    "shots": 10000,
    "p_0": 0.9473,
    "sigma": 0.00223
  },
  "delta": 0.0015,
  "sigma_total": 0.00314,
  "z_value": 0.48
}