{
  "timestamp": "2025-07-25 09:45:35",
  "job_a": {
    "id": "d21jc0k3s4ss73cm5p40",
    "counts": {
      "0": 9532,
      "1": 468
    },
    "shots": 10000,
    "p_0": 0.9532,
    "sigma": 0.00211
  },
  "job_b": {
    "id": "d21jc14lir9s73aivoog",
    "counts": {
      "0": 9485,
      "1": 515
    },
    "shots": 10000,
    "p_0": 0.9485,
    "sigma": 0.00221
  },
  "delta": 0.0047,
  "sigma_total": 0.00306,
  "z_value": 1.54
}