{
  "timestamp": "2025-07-25 09:56:22",
  "job_a": {
    "id": "d21jh2clir9s73aivu60",
    "counts": {
      "0": 9482,
      "1": 518
    },
    "shots": 10000,
    "p_0": 0.9482,
    "sigma": 0.00222
  },
  "job_b": {
    "id": "d21jh2jni11c73fdn3e0",
    "counts": {
      "0": 9478,
      "1": 522
    },
    "shots": 10000,
    "p_0": 0.9478,
    "sigma": 0.00222
  },
  "delta": 0.0004,
  "sigma_total": 0.00314,
  "z_value": 0.13
}