{
  "timestamp": "2025-07-25 09:27:51",
  "job_a": {
    "id": "d21j3njni11c73fdmlfg",
    "counts": {
      "0": 9471,
      "1": 529
    },
    "shots": 10000,
    "p_0": 0.9471,
    "sigma": 0.00224
  },
  "job_b": {
    "id": "d21j3nq29d8c73ddu5g0",
    "counts": {
      "0": 9471,
      "1": 529
    },
    "shots": 10000,
    "p_0": 0.9471,
    "sigma": 0.00224
  },
  "delta": 0.0,
  "sigma_total": 0.00317,
  "z_value": 0.0
}