{
  "timestamp": "2025-07-25 10:09:19",
  "job_a": {
    "id": "d21jn3i29d8c73dduos0",
    "counts": {
      "0": 9469,
      "1": 531
    },
    "shots": 10000,
    "p_0": 0.9469,
    "sigma": 0.00224
  },
  "job_b": {
    "id": "d21jn4229d8c73dduot0",
    "counts": {
      "0": 9496,
      "1": 504
    },
    "shots": 10000,
    "p_0": 0.9496,
    "sigma": 0.00219
  },
  "delta": 0.0027,
  "sigma_total": 0.00313,
  "z_value": 0.86
}