{
  "timestamp": "2025-07-25 09:15:55",
  "job_a": {
    "id": "d21iu2jni11c73fdmg7g",
    "counts": {
      "0": 9472,
      "1": 528
    },
    "shots": 10000,
    "p_0": 0.9472,
    "sigma": 0.00224
  },
  "job_b": {
    "id": "d21iu3229d8c73ddu0cg",
    "counts": {
      "0": 9495,
      "1": 505
    },
    "shots": 10000,
    "p_0": 0.9495,
    "sigma": 0.00219
  },
  "delta": 0.0023,
  "sigma_total": 0.00313,
  "z_value": 0.73
}