{
  "timestamp": "2025-07-25 09:31:51",
  "job_a": {
    "id": "d21j4oa29d8c73ddu6eg",
    "counts": {
      "0": 9458,
      "1": 542
    },
    "shots": 10000,
    "p_0": 0.9458,
    "sigma": 0.00226
  },
  "job_b": {
    "id": "d21j4ok3s4ss73cm5hu0",
    "counts": {
      "0": 9502,
      "1": 498
    },
    "shots": 10000,
    "p_0": 0.9502,
    "sigma": 0.00218
  },
  "delta": 0.0044,
  "sigma_total": 0.00314,
  "z_value": 1.4
}