{
  "timestamp": "2025-07-25 10:03:44",
  "job_a": {
    "id": "d21jkhrni11c73fdn73g",
    "counts": {
      "0": 9459,
      "1": 541
    },
    "shots": 10000,
    "p_0": 0.9459,
    "sigma": 0.00226
  },
  "job_b": {
    "id": "d21jki4lir9s73aj01t0",
    "counts": {
      "0": 9494,
      "1": 506
    },
    "shots": 10000,
    "p_0": 0.9494,
    "sigma": 0.00219
  },
  "delta": 0.0035,
  "sigma_total": 0.00315,
  "z_value": 1.11
}