{
  "timestamp": "2025-07-25 10:04:42",
  "job_a": {
    "id": "d21jl0q29d8c73ddumt0",
    "counts": {
      "0": 9440,
      "1": 560
    },
    "shots": 10000,
    "p_0": 0.944,
    "sigma": 0.0023
  },
  "job_b": {
    "id": "d21jl1c3s4ss73cm62hg",
    "counts": {
      "0": 9497,
      "1": 503
    },
    "shots": 10000,
    "p_0": 0.9497,
    "sigma": 0.00219
  },
  "delta": 0.0057,
  "sigma_total": 0.00317,
  "z_value": 1.8
}