{
  "timestamp": "2025-07-25 09:53:15",
  "job_a": {
    "id": "d21jfm229d8c73dduheg",
    "counts": {
      "0": 9472,
      "1": 528
    },
    "shots": 10000,
    "p_0": 0.9472,
    "sigma": 0.00224
  },
  "job_b": {
    "id": "d21jfmjni11c73fdn220",
    "counts": {
      "0": 9443,
      "1": 557
    },
    "shots": 10000,
    "p_0": 0.9443,
    "sigma": 0.00229
  },
  "delta": 0.0029,
  "sigma_total": 0.0032,
  "z_value": 0.91
}