{
  "timestamp": "2025-07-25 09:19:09",
  "job_a": {
    "id": "d21ivjrni11c73fdmhk0",
    "counts": {
      "0": 9465,
      "1": 535
    },
    "shots": 10000,
    "p_0": 0.9465,
    "sigma": 0.00225
  },
  "job_b": {
    "id": "d21ivk43s4ss73cm5d5g",
    "counts": {
      "0": 9454,
      "1": 546
    },
    "shots": 10000,
    "p_0": 0.9454,
    "sigma": 0.00227
  },
  "delta": 0.0011,
  "sigma_total": 0.0032,
  "z_value": 0.34
}