{
  "timestamp": "2025-07-25 10:05:36",
  "job_a": {
    "id": "d21jleklir9s73aj02p0",
    "counts": {
      "0": 9472,
      "1": 528
    },
    "shots": 10000,
    "p_0": 0.9472,
    "sigma": 0.00224
  },
  "job_b": {
    "id": "d21jlf3ni11c73fdn7vg",
    "counts": {
      "0": 9446,
      "1": 554
    },
    "shots": 10000,
    "p_0": 0.9446,
    "sigma": 0.00229
  },
  "delta": 0.0026,
  "sigma_total": 0.0032,
  "z_value": 0.81
}