{
  "timestamp": "2025-07-25 09:39:33",
  "job_a": {
    "id": "d21j9743s4ss73cm5m90",
    "counts": {
      "0": 9502,
      "1": 498
    },
    "shots": 10000,
    "p_0": 0.9502,
    "sigma": 0.00218
  },
  "job_b": {
    "id": "d21j97k3s4ss73cm5ma0",
    "counts": {
      "0": 9462,
      "1": 538
    },
    "shots": 10000,
    "p_0": 0.9462,
    "sigma": 0.00226
  },
  "delta": 0.004,
  "sigma_total": 0.00313,
  "z_value": 1.28
}