{
  "timestamp": "2025-07-25 09:38:45",
  "job_a": {
    "id": "d21j8k43s4ss73cm5llg",
    "counts": {
      "0": 9483,
      "1": 517
    },
    "shots": 10000,
    "p_0": 0.9483,
    "sigma": 0.00221
  },
  "job_b": {
    "id": "d21j8kk3s4ss73cm5lm0",
    "counts": {
      "0": 9477,
      "1": 523
    },
    "shots": 10000,
    "p_0": 0.9477,
    "sigma": 0.00223
  },
  "delta": 0.0006,
  "sigma_total": 0.00314,
  "z_value": 0.19
}