{
  "timestamp": "2025-07-25 09:29:26",
  "job_a": {
    "id": "d21j4fk3s4ss73cm5hj0",
    "counts": {
      "0": 9485,
      "1": 515
    },
    "shots": 10000,
    "p_0": 0.9485,
    "sigma": 0.00221
  },
  "job_b": {
    "id": "d21j4g43s4ss73cm5hk0",
    "counts": {
      "0": 9501,
      "1": 499
    },
    "shots": 10000,
    "p_0": 0.9501,
    "sigma": 0.00218
  },
  "delta": 0.0016,
  "sigma_total": 0.0031,
  "z_value": 0.52
}