{
  "timestamp": "2025-07-25 10:08:12",
  "job_a": {
    "id": "d21jml43s4ss73cm6430",
    "counts": {
      "0": 9543,
      "1": 457
    },
    "shots": 10000,
    "p_0": 0.9543,
    "sigma": 0.00209
  },
  "job_b": {
    "id": "d21jmli29d8c73dduoeg",
    "counts": {
      "0": 9458,
      "1": 542
    },
    "shots": 10000,
    "p_0": 0.9458,
    "sigma": 0.00226
  },
  "delta": 0.0085,
  "sigma_total": 0.00308,
  "z_value": 2.76
}