{
  "timestamp": "2025-07-25 10:01:45",
  "job_a": {
    "id": "d21jjkjni11c73fdn63g",
    "counts": {
      "0": 9474,
      "1": 526
    },
    "shots": 10000,
    "p_0": 0.9474,
    "sigma": 0.00223
  },
  "job_b": {
    "id": "d21jjkq29d8c73ddulkg",
    "counts": {
      "0": 9467,
      "1": 533
    },
    "shots": 10000,
    "p_0": 0.9467,
    "sigma": 0.00225
  },
  "delta": 0.0007,
  "sigma_total": 0.00317,
  "z_value": 0.22
}