{
  "timestamp": "2025-07-25 09:42:47",
  "job_a": {
    "id": "d21jaca29d8c73dduc00",
    "counts": {
      "0": 9475,
      "1": 525
    },
    "shots": 10000,
    "p_0": 0.9475,
    "sigma": 0.00223
  },
  "job_b": {
    "id": "d21jacslir9s73aivn0g",
    "counts": {
      "0": 9483,
      "1": 517
    },
    "shots": 10000,
    "p_0": 0.9483,
    "sigma": 0.00221
  },
  "delta": 0.0008,
  "sigma_total": 0.00314,
  "z_value": 0.25
}