{
  "timestamp": "2025-07-25 09:51:52",
  "job_a": {
    "id": "d21jeuclir9s73aivrvg",
    "counts": {
      "0": 9497,
      "1": 503
    },
    "shots": 10000,
    "p_0": 0.9497,
    "sigma": 0.00219
  },
  "job_b": {
    "id": "d21jeujni11c73fdn180",
    "counts": {
      "0": 9477,
      "1": 523
    },
    "shots": 10000,
    "p_0": 0.9477,
    "sigma": 0.00223
  },
  "delta": 0.002,
  "sigma_total": 0.00312,
  "z_value": 0.64
}