{
  "timestamp": "2025-07-25 09:50:36",
  "job_a": {
    "id": "d21jebclir9s73aivrag",
    "counts": {
      "1": 528,
      "0": 9472
    },
    "shots": 10000,
    "p_0": 0.9472,
    "sigma": 0.00224
  },
  "job_b": {
    "id": "d21jebrni11c73fdn0l0",
    "counts": {
      "0": 9468,
      "1": 532
    },
    "shots": 10000,
    "p_0": 0.9468,
    "sigma": 0.00224
  },
  "delta": 0.0004,
  "sigma_total": 0.00317,
  "z_value": 0.13
}