{
  "timestamp": "2025-07-25 09:56:54",
  "job_a": {
    "id": "d21jhc229d8c73dduj70",
    "counts": {
      "0": 9464,
      "1": 536
    },
    "shots": 10000,
    "p_0": 0.9464,
    "sigma": 0.00225
  },
  "job_b": {
    "id": "d21jhcbni11c73fdn3p0",
    "counts": {
      "0": 9505,
      "1": 495
    },
    "shots": 10000,
    "p_0": 0.9505,
    "sigma": 0.00217
  },
  "delta": 0.0041,
  "sigma_total": 0.00313,
  "z_value": 1.31
}