{
  "timestamp": "2025-07-25 10:07:05",
  "job_a": {
    "id": "d21jlvk3s4ss73cm63eg",
    "counts": {
      "1": 508,
      "0": 9492
    },
    "shots": 10000,
    "p_0": 0.9492,
    "sigma": 0.0022
  },
  "job_b": {
    "id": "d21jm043s4ss73cm63f0",
    "counts": {
      "0": 9436,
      "1": 564
    },
    "shots": 10000,
    "p_0": 0.9436,
    "sigma": 0.00231
  },
  "delta": 0.0056,
  "sigma_total": 0.00318,
  "z_value": 1.76
}