{
  "timestamp": "2025-07-25 09:47:06",
  "job_a": {
    "id": "d21jcls3s4ss73cm5ppg",
    "counts": {
      "0": 9446,
      "1": 554
    },
    "shots": 10000,
    "p_0": 0.9446,
    "sigma": 0.00229
  },
  "job_b": {
    "id": "d21jcm4lir9s73aivpf0",
    "counts": {
      "0": 9537,
      "1": 463
    },
    "shots": 10000,
    "p_0": 0.9537,
    "sigma": 0.0021
  },
  "delta": 0.0091,
  "sigma_total": 0.00311,
  "z_value": 2.93
}