{
  "timestamp": "2025-07-25 09:59:36",
  "job_a": {
    "id": "d21jikc3s4ss73cm605g",
    "counts": {
      "0": 9482,
      "1": 518
    },
    "shots": 10000,
    "p_0": 0.9482,
    "sigma": 0.00222
  },
  "job_b": {
    "id": "d21jikklir9s73aivvu0",
    "counts": {
      "0": 9474,
      "1": 526
    },
    "shots": 10000,
    "p_0": 0.9474,
    "sigma": 0.00223
  },
  "delta": 0.0008,
  "sigma_total": 0.00315,
  "z_value": 0.25
}