{
  "timestamp": "2025-07-25 09:43:22",
  "job_a": {
    "id": "d21jb0bni11c73fdmss0",
    "counts": {
      "0": 9462,
      "1": 538
    },
    "shots": 10000,
    "p_0": 0.9462,
    "sigma": 0.00226
  },
  "job_b": {
    "id": "d21jb0rni11c73fdmstg",
    "counts": {
      "0": 9513,
      "1": 487
    },
    "shots": 10000,
    "p_0": 0.9513,
    "sigma": 0.00215
  },
  "delta": 0.0051,
  "sigma_total": 0.00312,
  "z_value": 1.64
}