{
  "timestamp": "2025-07-25 09:52:47",
  "job_a": {
    "id": "d21jfeq29d8c73dduh70",
    "counts": {
      "0": 9465,
      "1": 535
    },
    "shots": 10000,
    "p_0": 0.9465,
    "sigma": 0.00225
  },
  "job_b": {
    "id": "d21jffc3s4ss73cm5sr0",
    "counts": {
      "0": 9519,
      "1": 481
    },
    "shots": 10000,
    "p_0": 0.9519,
    "sigma": 0.00214
  },
  "delta": 0.0054,
  "sigma_total": 0.00311,
  "z_value": 1.74
}