{
  "timestamp": "2025-07-25 10:02:16",
  "job_a": {
    "id": "d21jjsslir9s73aj017g",
    "counts": {
      "0": 9501,
      "1": 499
    },
    "shots": 10000,
    "p_0": 0.9501,
    "sigma": 0.00218
  },
  "job_b": {
    "id": "d21jjt4lir9s73aj018g",
    "counts": {
      "0": 9471,
      "1": 529
    },
    "shots": 10000,
    "p_0": 0.9471,
    "sigma": 0.00224
  },
  "delta": 0.003,
  "sigma_total": 0.00312,
  "z_value": 0.96
}