{
  "timestamp": "2025-07-25 09:16:57",
  "job_a": {
    "id": "d21iuec3s4ss73cm5c3g",
    "counts": {
      "0": 9453,
      "1": 547
    },
    "shots": 10000,
    "p_0": 0.9453,
    "sigma": 0.00227
  },
  "job_b": {
    "id": "d21iuerni11c73fdmgi0",
    "counts": {
      "0": 9483,
      "1": 517
    },
    "shots": 10000,
    "p_0": 0.9483,
    "sigma": 0.00221
  },
  "delta": 0.003,
  "sigma_total": 0.00317,
  "z_value": 0.95
}