{
  "timestamp": "2025-07-25 09:25:08",
  "job_a": {
    "id": "d21j2d229d8c73ddu480",
    "counts": {
      "0": 9498,
      "1": 502
    },
    "shots": 10000,
    "p_0": 0.9498,
    "sigma": 0.00218
  },
  "job_b": {
    "id": "d21j2di29d8c73ddu48g",
    "counts": {
      "0": 9485,
      "1": 515
    },
    "shots": 10000,
    "p_0": 0.9485,
    "sigma": 0.00221
  },
  "delta": 0.0013,
  "sigma_total": 0.00311,
  "z_value": 0.42
}