{
  "timestamp": "2025-07-25 09:58:59",
  "job_a": {
    "id": "d21ji843s4ss73cm5vp0",
    "counts": {
      "0": 9511,
      "1": 489
    },
    "shots": 10000,
    "p_0": 0.9511,
    "sigma": 0.00216
  },
  "job_b": {
    "id": "d21ji8a29d8c73dduk7g",
    "counts": {
      "0": 9465,
      "1": 535
    },
    "shots": 10000,
    "p_0": 0.9465,
    "sigma": 0.00225
  },
  "delta": 0.0046,
  "sigma_total": 0.00312,
  "z_value": 1.48
}