{
  "timestamp": "2025-07-25 09:01:50",
  "job_a": {
    "id": "d21incclir9s73aiv540",
    "counts": {
      "0": 3887,
      "1": 209
    },
    "shots": 4096,
    "p_0": 0.94897,
    "sigma": 0.00344
  },
  "job_b": {
    "id": "d21incjni11c73fdma3g",
    "counts": {
      "0": 3878,
      "1": 218
    },
    "shots": 4096,
    "p_0": 0.94678,
    "sigma": 0.00351
  },
  "delta": 0.0022,
  "sigma_total": 0.00491,
  "z_value": 0.45
}