{
  "timestamp": "2025-07-25 09:48:48",
  "job_a": {
    "id": "d21jdhklir9s73aivqag",
    "counts": {
      "0": 9450,
      "1": 550
    },
    "shots": 10000,
    "p_0": 0.945,
    "sigma": 0.00228
  },
  "job_b": {
    "id": "d21jdi43s4ss73cm5qn0",
    "counts": {
      "0": 9494,
      "1": 506
    },
    "shots": 10000,
    "p_0": 0.9494,
    "sigma": 0.00219
  },
  "delta": 0.0044,
  "sigma_total": 0.00316,
  "z_value": 1.39
}