{
  "timestamp": "2025-07-25 10:04:11",
  "job_a": {
    "id": "d21jkq43s4ss73cm62ag",
    "counts": {
      "0": 9515,
      "1": 485
    },
    "shots": 10000,
    "p_0": 0.9515,
    "sigma": 0.00215
  },
  "job_b": {
    "id": "d21jkqbni11c73fdn7bg",
    "counts": {
      "0": 9508,
      "1": 492
    },
    "shots": 10000,
    "p_0": 0.9508,
    "sigma": 0.00216
  },
  "delta": 0.0007,
  "sigma_total": 0.00305,
  "z_value": 0.23
}