{
  "timestamp": "2025-07-25 09:44:54",
  "job_a": {
    "id": "d21jboslir9s73aivof0",
    "counts": {
      "0": 9505,
      "1": 495
    },
    "shots": 10000,
    "p_0": 0.9505,
    "sigma": 0.00217
  },
  "job_b": {
    "id": "d21jbpbni11c73fdmto0",
    "counts": {
      "0": 9494,
      "1": 506
    },
    "shots": 10000,
    "p_0": 0.9494,
    "sigma": 0.00219
  },
  "delta": 0.0011,
  "sigma_total": 0.00308,
  "z_value": 0.36
}