{
  "timestamp": "2025-07-25 09:35:12",
  "job_a": {
    "id": "d21j763ni11c73fdmp2g",
    "counts": {
      "0": 9465,
      "1": 535
    },
    "shots": 10000,
    "p_0": 0.9465,
    "sigma": 0.00225
  },
  "job_b": {
    "id": "d21j76i29d8c73ddu8qg",
    "counts": {
      "0": 9501,
      "1": 499
    },
    "shots": 10000,
    "p_0": 0.9501,
    "sigma": 0.00218
  },
  "delta": 0.0036,
  "sigma_total": 0.00313,
  "z_value": 1.15
}