{
  "timestamp": "2025-07-25 09:06:56",
  "job_a": {
    "id": "d21iptrni11c73fdmceg",
    "counts": {
      "0": 3889,
      "1": 207
    },
    "shots": 4096,
    "p_0": 0.94946,
    "sigma": 0.00342
  },
  "job_b": {
    "id": "d21ipu43s4ss73cm57o0",
    "counts": {
      "0": 3876,
      "1": 220
    },
    "shots": 4096,
    "p_0": 0.94629,
    "sigma": 0.00352
  },
  "delta": 0.00317,
  "sigma_total": 0.00491,
  "z_value": 0.65
}