{
  "timestamp": "2025-07-25 09:54:14",
  "job_a": {
    "id": "d21jg0q29d8c73dduhog",
    "counts": {
      "0": 9515,
      "1": 485
    },
    "shots": 10000,
    "p_0": 0.9515,
    "sigma": 0.00215
  },
  "job_b": {
    "id": "d21jg13ni11c73fdn2dg",
    "counts": {
      "0": 9466,
      "1": 534
    },
    "shots": 10000,
    "p_0": 0.9466,
    "sigma": 0.00225
  },
  "delta": 0.0049,
  "sigma_total": 0.00311,
  "z_value": 1.58
}