{
  "timestamp": "2025-07-25 09:54:51",
  "job_a": {
    "id": "d21jgdk3s4ss73cm5tr0",
    "counts": {
      "0": 9454,
      "1": 546
    },
    "shots": 10000,
    "p_0": 0.9454,
    "sigma": 0.00227
  },
  "job_b": {
    "id": "d21jge43s4ss73cm5ts0",
    "counts": {
      "0": 9492,
      "1": 508
    },
    "shots": 10000,
    "p_0": 0.9492,
    "sigma": 0.0022
  },
  "delta": 0.0038,
  "sigma_total": 0.00316,
  "z_value": 1.2
}