{
  "timestamp": "2025-07-25 09:48:04",
  "job_a": {
    "id": "d21jd43ni11c73fdmv50",
    "counts": {
      "0": 9496,
      "1": 504
    },
    "shots": 10000,
    "p_0": 0.9496,
    "sigma": 0.00219
  },
  "job_b": {
    "id": "d21jd4k3s4ss73cm5q8g",
    "counts": {
      "0": 9481,
      "1": 519
    },
    "shots": 10000,
    "p_0": 0.9481,
    "sigma": 0.00222
  },
  "delta": 0.0015,
  "sigma_total": 0.00312,
  "z_value": 0.48
}