{
  "timestamp": "2025-07-25 09:08:49",
  "job_a": {
    "id": "d21iqq229d8c73ddttcg",
    "counts": {
      "0": 3882,
      "1": 214
    },
    "shots": 4096,
    "p_0": 0.94775,
    "sigma": 0.00348
  },
  "job_b": {
    "id": "d21iqqbni11c73fdmd80",
    "counts": {
      "0": 3860,
      "1": 236
    },
    "shots": 4096,
    "p_0": 0.94238,
    "sigma": 0.00364
  },
  "delta": 0.00537,
  "sigma_total": 0.00503,
  "z_value": 1.07
}