{
  "timestamp": "2025-07-25 10:01:11",
  "job_a": {
    "id": "d21jjaq29d8c73ddula0",
    "counts": {
      "0": 9475,
      "1": 525
    },
    "shots": 10000,
    "p_0": 0.9475,
    "sigma": 0.00223
  },
  "job_b": {
    "id": "d21jjb229d8c73ddulb0",
    "counts": {
      "0": 9446,
      "1": 554
    },
    "shots": 10000,
    "p_0": 0.9446,
    "sigma": 0.00229
  },
  "delta": 0.0029,
  "sigma_total": 0.00319,
  "z_value": 0.91
}