{
  "timestamp": "2025-07-25 09:02:57",
  "job_a": {
    "id": "d21intjni11c73fdmak0",
    "counts": {
      "0": 3876,
      "1": 220
    },
    "shots": 4096,
    "p_0": 0.94629,
    "sigma": 0.00352
  },
  "job_b": {
    "id": "d21ints3s4ss73cm55rg",
    "counts": {
      "0": 3895,
      "1": 201
    },
    "shots": 4096,
    "p_0": 0.95093,
    "sigma": 0.00338
  },
  "delta": 0.00464,
  "sigma_total": 0.00488,
  "z_value": 0.95
}