{
  "timestamp": "2025-07-25 09:57:53",
  "job_a": {
    "id": "d21jhn4lir9s73aivuv0",
    "counts": {
      "0": 9498,
      "1": 502
    },
    "shots": 10000,
    "p_0": 0.9498,
    "sigma": 0.00218
  },
  "job_b": {
    "id": "d21jhnc3s4ss73cm5v4g",
    "counts": {
      "0": 9484,
      "1": 516
    },
    "shots": 10000,
    "p_0": 0.9484,
    "sigma": 0.00221
  },
  "delta": 0.0014,
  "sigma_total": 0.00311,
  "z_value": 0.45
}