{
  "timestamp": "2025-07-25 09:15:06",
  "job_a": {
    "id": "d21itoklir9s73aivb1g",
    "counts": {
      "0": 9502,
      "1": 498
    },
    "shots": 10000,
    "p_0": 0.9502,
    "sigma": 0.00218
  },
  "job_b": {
    "id": "d21itp43s4ss73cm5be0",
    "counts": {
      "0": 9484,
      "1": 516
    },
    "shots": 10000,
    "p_0": 0.9484,
    "sigma": 0.00221
  },
  "delta": 0.0018,
  "sigma_total": 0.0031,
  "z_value": 0.58
}