{
  "timestamp": "2025-07-25 09:36:39",
  "job_a": {
    "id": "d21j7j43s4ss73cm5klg",
    "counts": {
      "0": 9483,
      "1": 517
    },
    "shots": 10000,
    "p_0": 0.9483,
    "sigma": 0.00221
  },
  "job_b": {
    "id": "d21j7ji29d8c73ddu97g",
    "counts": {
      "0": 9501,
      "1": 499
    },
    "shots": 10000,
    "p_0": 0.9501,
    "sigma": 0.00218
  },
  "delta": 0.0018,
  "sigma_total": 0.00311,
  "z_value": 0.58
}