{
  "timestamp": "2025-07-25 10:00:07",
  "job_a": {
    "id": "d21jit229d8c73dduksg",
    "counts": {
      "0": 9511,
      "1": 489
    },
    "shots": 10000,
    "p_0": 0.9511,
    "sigma": 0.00216
  },
  "job_b": {
    "id": "d21jitjni11c73fdn5cg",
    "counts": {
      "0": 9461,
      "1": 539
    },
    "shots": 10000,
    "p_0": 0.9461,
    "sigma": 0.00226
  },
  "delta": 0.005,
  "sigma_total": 0.00312,
  "z_value": 1.6
}