{
  "timestamp": "2025-07-25 08:57:40",
  "job_a": {
    "id": "d218vkclir9s73ailr9g",
    "counts": {
      "0": 3895,
      "1": 201
    },
    "shots": 4096,
    "p_0": 0.95093,
    "sigma": 0.00338
  },
  "job_b": {
    "id": "d218vjrni11c73fdd01g",
    "counts": {
      "0": 3906,
      "1": 190
    },
    "shots": 4096,
    "p_0": 0.95361,
    "sigma": 0.00329
  },
  "delta": 0.00269,
  "sigma_total": 0.00471,
  "z_value": 0.57
}