{
  "timestamp": "2025-07-25 09:37:28",
  "job_a": {
    "id": "d21j87clir9s73aivkqg",
    "counts": {
      "0": 9492,
      "1": 508
    },
    "shots": 10000,
    "p_0": 0.9492,
    "sigma": 0.0022
  },
  "job_b": {
    "id": "d21j87s3s4ss73cm5l9g",
    "counts": {
      "0": 9478,
      "1": 522
    },
    "shots": 10000,
    "p_0": 0.9478,
    "sigma": 0.00222
  },
  "delta": 0.0014,
  "sigma_total": 0.00313,
  "z_value": 0.45
}