{
  "timestamp": "2025-07-25 09:06:15",
  "job_a": {
    "id": "d21ipirni11c73fdmc40",
    "counts": {
      "0": 3874,
      "1": 222
    },
    "shots": 4096,
    "p_0": 0.9458,
    "sigma": 0.00354
  },
  "job_b": {
    "id": "d21ipj4lir9s73aiv75g",
    "counts": {
      "0": 3889,
      "1": 207
    },
    "shots": 4096,
    "p_0": 0.94946,
    "sigma": 0.00342
  },
  "delta": 0.00366,
  "sigma_total": 0.00492,
  "z_value": 0.74
}