{
  "timestamp": "2025-07-25 10:03:10",
  "job_a": {
    "id": "d21jk6i29d8c73ddum50",
    "counts": {
      "0": 9493,
      "1": 507
    },
    "shots": 10000,
    "p_0": 0.9493,
    "sigma": 0.00219
  },
  "job_b": {
    "id": "d21jk73ni11c73fdn6p0",
    "counts": {
      "0": 9476,
      "1": 524
    },
    "shots": 10000,
    "p_0": 0.9476,
    "sigma": 0.00223
  },
  "delta": 0.0017,
  "sigma_total": 0.00313,
  "z_value": 0.54
}