{
  "timestamp": "2025-07-25 09:20:08",
  "job_a": {
    "id": "d21j0043s4ss73cm5dgg",
    "counts": {
      "0": 9525,
      "1": 475
    },
    "shots": 10000,
    "p_0": 0.9525,
    "sigma": 0.00213
  },
  "job_b": {
    "id": "d21j00jni11c73fdmi10",
    "counts": {
      "0": 9477,
      "1": 523
    },
    "shots": 10000,
    "p_0": 0.9477,
    "sigma": 0.00223
  },
  "delta": 0.0048,
  "sigma_total": 0.00308,
  "z_value": 1.56
}