{
  "timestamp": "2025-07-25 09:26:16",
  "job_a": {
    "id": "d21j2r229d8c73ddu4kg",
    "counts": {
      "0": 9505,
      "1": 495
    },
    "shots": 10000,
    "p_0": 0.9505,
    "sigma": 0.00217
  },
  "job_b": {
    "id": "d21j2rklir9s73aivfkg",
    "counts": {
      "0": 9510,
      "1": 490
    },
    "shots": 10000,
    "p_0": 0.951,
    "sigma": 0.00216
  },
  "delta": 0.0005,
  "sigma_total": 0.00306,
  "z_value": 0.16
}