{
  "timestamp": "2025-07-25 10:06:06",
  "job_a": {
    "id": "d21jlms3s4ss73cm635g",
    "counts": {
      "0": 9508,
      "1": 492
    },
    "shots": 10000,
    "p_0": 0.9508,
    "sigma": 0.00216
  },
  "job_b": {
    "id": "d21jlnbni11c73fdn88g",
    "counts": {
      "0": 9488,
      "1": 512
    },
    "shots": 10000,
    "p_0": 0.9488,
    "sigma": 0.0022
  },
  "delta": 0.002,
  "sigma_total": 0.00309,
  "z_value": 0.65
}