{
  "timestamp": "2025-07-25 09:03:46",
  "job_a": {
    "id": "d21iocs3s4ss73cm5690",
    "counts": {
      "0": 3867,
      "1": 229
    },
    "shots": 4096,
    "p_0": 0.94409,
    "sigma": 0.00359
  },
  "job_b": {
    "id": "d21iodc3s4ss73cm569g",
    "counts": {
      "0": 3857,
      "1": 239
    },
    "shots": 4096,
    "p_0": 0.94165,
    "sigma": 0.00366
  },
  "delta": 0.00244,
  "sigma_total": 0.00513,
  "z_value": 0.48
}