{
  "timestamp": "2025-07-25 09:49:51",
  "job_a": {
    "id": "d21jdsi29d8c73ddufd0",
    "counts": {
      "0": 9450,
      "1": 550
    },
    "shots": 10000,
    "p_0": 0.945,
    "sigma": 0.00228
  },
  "job_b": {
    "id": "d21jdt3ni11c73fdmvug",
    "counts": {
      "0": 9503,
      "1": 497
    },
    "shots": 10000,
    "p_0": 0.9503,
    "sigma": 0.00217
  },
  "delta": 0.0053,
  "sigma_total": 0.00315,
  "z_value": 1.68
}