{
  "timestamp": "2025-07-25 09:07:59",
  "job_a": {
    "id": "d21iq743s4ss73cm580g",
    "counts": {
      "0": 3916,
      "1": 180
    },
    "shots": 4096,
    "p_0": 0.95605,
    "sigma": 0.0032
  },
  "job_b": {
    "id": "d21iq7klir9s73aiv7o0",
    "counts": {
      "0": 3876,
      "1": 220
    },
    "shots": 4096,
    "p_0": 0.94629,
    "sigma": 0.00352
  },
  "delta": 0.00977,
  "sigma_total": 0.00476,
  "z_value": 2.05
}