{
  "timestamp": "2025-07-25 09:00:15",
  "job_a": {
    "id": "d21imia29d8c73ddtph0",
    "counts": {
      "0": 3904,
      "1": 192
    },
    "shots": 4096,
    "p_0": 0.95312,
    "sigma": 0.0033
  },
  "job_b": {
    "id": "d21imiklir9s73aiv48g",
    "counts": {
      "0": 3891,
      "1": 205
    },
    "shots": 4096,
    "p_0": 0.94995,
    "sigma": 0.00341
  },
  "delta": 0.00317,
  "sigma_total": 0.00475,
  "z_value": 0.67
}