{
  "timestamp": "2025-07-25 23:21:15",
  "job_a": {
    "id": "d21u3mt15sis73argicg",
    "p_0": 0.951,
    "sigma": 0.00216,
    "shots": 10000,
    "counts": {
      "0": 9510,
      "1": 490
    }
  },
  "job_b": {
    "id": "d21u3n4djrts73fnp2c0",
    "p_0": 0.9549,
    "sigma": 0.00208,
    "shots": 10000,
    "counts": {
      "0": 9549,
      "1": 451
    }
  },
  "job_c": {
    "id": "d21u3ncdjrts73fnp2d0",
    "p_0": 0.9494,
    "sigma": 0.00219,
    "shots": 10000,
    "counts": {
      "0": 9494,
      "1": 506
    }
  },
  "z_ab": 1.302,
  "z_ac": 0.52,
  "z_eff": 2.504
}