{
  "timestamp": "2025-07-25 23:19:33",
  "job_a": {
    "id": "d21u3vj1nk8c73c713p0",
    "p_0": 0.9526,
    "sigma": 0.00212,
    "shots": 10000,
    "counts": {
      "0": 9526,
      "1": 474
    }
  },
  "job_b": {
    "id": "d21u3vr1nk8c73c713pg",
    "p_0": 0.9559,
    "sigma": 0.00205,
    "shots": 10000,
    "counts": {
      "0": 9559,
      "1": 441
    }
  },
  "job_c": {
    "id": "d21u404djrts73fnp3i0",
    "p_0": 0.9534,
    "sigma": 0.00211,
    "shots": 10000,
    "counts": {
      "0": 9534,
      "1": 466
    }
  },
  "z_ab": 1.117,
  "z_ac": 0.267,
  "z_eff": 4.178
}