{
  "timestamp": "2025-07-25 23:24:30",
  "job_a": {
    "id": "d21u8ed15sis73argu70",
    "p_0": 0.9495,
    "sigma": 0.00219,
    "shots": 10000,
    "counts": {
      "1": 505,
      "0": 9495
    }
  },
  "job_b": {
    "id": "d21u8er1nk8c73c71epg",
    "p_0": 0.9523,
    "sigma": 0.00213,
    "shots": 10000,
    "counts": {
      "0": 9523,
      "1": 477
    }
  },
  "job_c": {
    "id": "d21u8f515sis73argu7g",
    "p_0": 0.9516,
    "sigma": 0.00215,
    "shots": 10000,
    "counts": {
      "0": 9516,
      "1": 484
    }
  },
  "z_ab": 0.916,
  "z_ac": 0.685,
  "z_eff": 1.338
}