{
  "timestamp": "2025-07-25 23:04:28",
  "job_a": {
    "id": "d21upetsd32c73bu84l0",
    "p_0": 0.9451,
    "sigma": 0.00228,
    "shots": 10000,
    "counts": {
      "0": 9451,
      "1": 549
    }
  },
  "job_b": {
    "id": "d21upf4djrts73fnqo3g",
    "p_0": 0.9501,
    "sigma": 0.00218,
    "shots": 10000,
    "counts": {
      "0": 9501,
      "1": 499
    }
  },
  "job_c": {
    "id": "d21upfcdjrts73fnqo40",
    "p_0": 0.9472,
    "sigma": 0.00224,
    "shots": 10000,
    "counts": {
      "1": 528,
      "0": 9472
    }
  },
  "z_ab": 1.587,
  "z_ac": 0.658,
  "z_eff": 2.412
}