{
  "timestamp": "2025-07-25 23:23:26",
  "job_a": {
    "id": "d21u5ub1nk8c73c71850",
    "p_0": 0.9519,
    "sigma": 0.00214,
    "shots": 10000,
    "counts": {
      "0": 9519,
      "1": 481
    }
  },
  "job_b": {
    "id": "d21u5ulsd32c73bu6k90",
    "p_0": 0.9501,
    "sigma": 0.00218,
    "shots": 10000,
    "counts": {
      "0": 9501,
      "1": 499
    }
  },
  "job_c": {
    "id": "d21u5v5sd32c73bu6ka0",
    "p_0": 0.9519,
    "sigma": 0.00214,
    "shots": 10000,
    "counts": {
      "0": 9519,
      "1": 481
    }
  },
  "z_ab": 0.59,
  "z_ac": 0.0,
  "z_eff": 589621054.779
}