{
  "timestamp": "2025-07-25 23:25:38",
  "job_a": {
    "id": "d21ua4tsd32c73bu6uv0",
    "p_0": 0.953,
    "sigma": 0.00212,
    "shots": 10000,
    "counts": {
      "0": 9530,
      "1": 470
    }
  },
  "job_b": {
    "id": "d21ua531nk8c73c71iug",
    "p_0": 0.9521,
    "sigma": 0.00214,
    "shots": 10000,
    "counts": {
      "0": 9521,
      "1": 479
    }
  },
  "job_c": {
    "id": "d21ua5d15sis73arh2g0",
    "p_0": 0.9475,
    "sigma": 0.00223,
    "shots": 10000,
    "counts": {
      "0": 9475,
      "1": 525
    }
  },
  "z_ab": 0.299,
  "z_ac": 1.789,
  "z_eff": 0.167
}