{
  "timestamp": "2025-07-25 23:22:17",
  "job_a": {
    "id": "d21u2u31nk8c73c7111g",
    "p_0": 0.951,
    "sigma": 0.00216,
    "shots": 10000,
    "counts": {
      "0": 9510,
      "1": 490
    }
  },
  "job_b": {
    "id": "d21u2ucdjrts73fnp0qg",
    "p_0": 0.9501,
    "sigma": 0.00218,
    "shots": 10000,
    "counts": {
      "0": 9501,
      "1": 499
    }
  },
  "job_c": {
    "id": "d21u2uj1nk8c73c7112g",
    "p_0": 0.9499,
    "sigma": 0.00218,
    "shots": 10000,
    "counts": {
      "0": 9499,
      "1": 501
    }
  },
  "z_ab": 0.294,
  "z_ac": 0.358,
  "z_eff": 0.819
}