{
  "timestamp": "2025-07-25 23:06:30",
  "job_a": {
    "id": "d21up4r1nk8c73c72nq0",
    "p_0": 0.9489,
    "sigma": 0.0022,
    "shots": 10000,
    "counts": {
      "0": 9489,
      "1": 511
    }
  },
  "job_b": {
    "id": "d21up55sd32c73bu848g",
    "p_0": 0.9512,
    "sigma": 0.00215,
    "shots": 10000,
    "counts": {
      "0": 9512,
      "1": 488
    }
  },
  "job_c": {
    "id": "d21up5dsd32c73bu84b0",
    "p_0": 0.9515,
    "sigma": 0.00215,
    "shots": 10000,
    "counts": {
      "0": 9515,
      "1": 485
    }
  },
  "z_ab": 0.747,
  "z_ac": 0.845,
  "z_eff": 0.883
}