{
  "timestamp": "2025-07-25 23:07:24",
  "job_a": {
    "id": "d21uo7lsd32c73bu81l0",
    "p_0": 0.9499,
    "sigma": 0.00218,
    "shots": 10000,
    "counts": {
      "0": 9499,
      "1": 501
    }
  },
  "job_b": {
    "id": "d21uo7r1nk8c73c72ld0",
    "p_0": 0.953,
    "sigma": 0.00212,
    "shots": 10000,
    "counts": {
      "0": 9530,
      "1": 470
    }
  },
  "job_c": {
    "id": "d21uo85sd32c73bu81m0",
    "p_0": 0.9524,
    "sigma": 0.00213,
    "shots": 10000,
    "counts": {
      "0": 9524,
      "1": 476
    }
  },
  "z_ab": 1.02,
  "z_ac": 0.82,
  "z_eff": 1.244
}